{
  "overall_metrics": {
    "rmse": 3.360960305341519,
    "mse": 11.296054174081357,
    "mae": 1.0769763985686953,
    "r2": 0.9950791296930345,
    "explained_variance": 0.9950982522123041,
    "mape": 1.6531439080892653e+17,
    "accuracy_within_5": 0.9157860094343072,
    "accuracy_within_10": 0.9743481917577796,
    "accuracy_within_20": 0.9950817274289684,
    "accuracy_within_50": 1.0,
    "residual_mean": 0.20951493057543574,
    "residual_std": 3.3544235969756904,
    "residual_median": 0.002532958984375,
    "prediction_range": 127.08946990966797,
    "actual_range": 125.0,
    "range_coverage": 1.0167157592773437,
    "pearson_correlation": 0.9976893216660715,
    "prediction_time_seconds": 0.0869607925415039,
    "samples_per_second": 628950.1096013599
  },
  "per_engine_metrics": {
    "per_engine": {
      "1.0": {
        "rmse": 3.9297637743001803,
        "mae": 1.3842613179736132,
        "r2": 0.9932302753478268,
        "samples": 4165,
        "avg_actual_rul": 101.83073229291716,
        "avg_predicted_rul": 100.45751953125,
        "prediction_bias": -1.373221684949898
      },
      "2.0": {
        "rmse": 0.23321915543459373,
        "mae": 0.06397005573220688,
        "r2": 0.9999761366726098,
        "samples": 4226,
        "avg_actual_rul": 101.86938002839564,
        "avg_predicted_rul": 101.87674713134766,
        "prediction_bias": 0.007357636136301453
      },
      "3.0": {
        "rmse": 4.235354120627165,
        "mae": 2.20359748861645,
        "r2": 0.9921132427595939,
        "samples": 4447,
        "avg_actual_rul": 101.9788621542613,
        "avg_predicted_rul": 99.91699981689453,
        "prediction_bias": -2.061860496384346
      },
      "4.0": {
        "rmse": 0.31832337632576124,
        "mae": 0.09072884320678258,
        "r2": 0.9999560748593777,
        "samples": 3304,
        "avg_actual_rul": 101.2409200968523,
        "avg_predicted_rul": 101.22687530517578,
        "prediction_bias": -0.014049695695963373
      },
      "5.0": {
        "rmse": 0.3611531544497365,
        "mae": 0.0944299398763776,
        "r2": 0.9999431028682366,
        "samples": 3763,
        "avg_actual_rul": 101.58118522455487,
        "avg_predicted_rul": 101.58746337890625,
        "prediction_bias": 0.006280709758843066
      },
      "6.0": {
        "rmse": 5.970890211135864,
        "mae": 3.2374917281276874,
        "r2": 0.9843842405751634,
        "samples": 4093,
        "avg_actual_rul": 101.7896408502321,
        "avg_predicted_rul": 102.18871307373047,
        "prediction_bias": 0.399067223523492
      },
      "7.0": {
        "rmse": 0.33294539687469266,
        "mae": 0.10957078618935458,
        "r2": 0.9999511032798509,
        "samples": 4767,
        "avg_actual_rul": 102.13446612125026,
        "avg_predicted_rul": 102.12220764160156,
        "prediction_bias": -0.012254966067826749
      },
      "8.0": {
        "rmse": 4.7738258069090005,
        "mae": 2.7191233717230427,
        "r2": 0.9900170060836685,
        "samples": 4071,
        "avg_actual_rul": 101.7870302137067,
        "avg_predicted_rul": 99.1573486328125,
        "prediction_bias": -2.6296833052720396
      },
      "9.0": {
        "rmse": 3.3358922659217876,
        "mae": 1.79115787586998,
        "r2": 0.9951634801498717,
        "samples": 3466,
        "avg_actual_rul": 101.37766878245816,
        "avg_predicted_rul": 102.28972625732422,
        "prediction_bias": 0.91205465497822
      },
      "10.0": {
        "rmse": 0.3513004977073928,
        "mae": 0.07275752225929978,
        "r2": 0.9999465777969883,
        "samples": 3259,
        "avg_actual_rul": 101.18134397054311,
        "avg_predicted_rul": 101.16651153564453,
        "prediction_bias": -0.014834894633574892
      },
      "11.0": {
        "rmse": 8.237742276757592,
        "mae": 3.5452506504507864,
        "r2": 0.9708553495709279,
        "samples": 2846,
        "avg_actual_rul": 100.75544624033732,
        "avg_predicted_rul": 104.06412506103516,
        "prediction_bias": 3.308674025937695
      },
      "12.0": {
        "rmse": 0.2555637394068792,
        "mae": 0.05658698804355114,
        "r2": 0.9999718407544106,
        "samples": 3054,
        "avg_actual_rul": 100.97413228552718,
        "avg_predicted_rul": 100.98410034179688,
        "prediction_bias": 0.009965730582033946
      },
      "13.0": {
        "rmse": 0.36270156839462975,
        "mae": 0.1034342604883114,
        "r2": 0.999943609228869,
        "samples": 2751,
        "avg_actual_rul": 100.64521992002908,
        "avg_predicted_rul": 100.63681030273438,
        "prediction_bias": -0.008398015271369212
      },
      "14.0": {
        "rmse": 0.4158638344831651,
        "mae": 0.12466277926108148,
        "r2": 0.9999252866350933,
        "samples": 3112,
        "avg_actual_rul": 101.06041131105398,
        "avg_predicted_rul": 101.06340026855469,
        "prediction_bias": 0.002997658737134359
      },
      "15.0": {
        "rmse": 0.2728017575682863,
        "mae": 0.056545484400142225,
        "r2": 0.9999677043609029,
        "samples": 3370,
        "avg_actual_rul": 101.29821958456974,
        "avg_predicted_rul": 101.29985809326172,
        "prediction_bias": 0.0016441998152457488
      }
    },
    "summary": {
      "total_engines": 15,
      "avg_r2_per_engine": 0.9950230020628926,
      "std_r2_per_engine": 0.007969980118860808,
      "min_r2_per_engine": 0.9708553495709279,
      "max_r2_per_engine": 0.9999761366726098,
      "avg_rmse_per_engine": 2.225822729086448,
      "std_rmse_per_engine": 2.5490014948357973,
      "engines_above_08_r2": 15,
      "engines_above_06_r2": 15,
      "cross_engine_stability": 0.9920300198811391
    }
  },
  "feature_importance": {
    "top_10_features": [
      [
        "life_ratio",
        